{
    "minError": 1.0103831945909489e-09,
    "bestSlope": 0.0007766689877974939,
    "defusionCoeficient": 0.00019416724694937347
}